Name,α,K
bgt127,0.455989585666789,168.90049119657994
jt305,0.17477031147978606,182.0249743910389
gob33,0.17872014271311626,567.6101779129015
