names,parameters
Nutrient_n,"[3.3047757807836525e7, -0.013407203147677071, 2.704785269490054e7, 5.242786590460728e6]"
Logistic_n,"[4.359629451345497e12, 526.986375092794, 4.506088861805317e12, 5.997720840524541e11]"
Interface_n,"[2.0650257996765045, 0.11204380938016663, 16.208712941098828, 1.8772623187932187, -0.1498936470112851]"
Nutrient,"[0.4615081872907293, 166.60611645079283]"
Interface,"[0.7596135328446789, 0.05127089818381111, 15.188704208137178]"
