names,parameters
Nutrient_n,"[0.7950963551511357, 0.00010000000000000002, 0.9999999999999999, 0.11026788382099811]"
Logistic_n,"[0.7889984908971294, 2272.8119804668254, 0.9999999999999999, 0.10756885567376546]"
Interface_n,"[0.6359549365518519, 1.0000000000000003e-5, 40.3203810238292, 0.9999999999999999, 0.04504814437177918]"
Nutrient,"[0.26181239641086723, 219.47032501864933]"
Interface,"[0.3044263668650506, 0.02069821383934315, 35.24082546295994]"
